full_file_path,file_hash,file_extension
C:\Users\011868\Pictures\Audi-A6-gear-patrol-1-1940x1300.jpg,8d81f76b8ae4ea692b7e9a539655441c11f0cb745ef43bb42c10bb84e18f71d4,.jpg
C:\Users\011868\Pictures\desktop.ini,88856962cef670c087eda4e07d8f78465beeabb6143b96bd90f884a80af925b4,.ini
C:\Users\011868\Pictures\dfdf.jpg,8d81f76b8ae4ea692b7e9a539655441c11f0cb745ef43bb42c10bb84e18f71d4,.jpg
C:\Users\011868\Pictures\DSC_0406 (2).JPG,921037e31bb4ca6b6838b9af25942f91d30683b1e7f5c85ca80193fa733cadba,.jpg
C:\Users\011868\Pictures\DSC_0406.JPG,1bab448ad8dd56cf1cffb53c2fe8e056a77c2980ce0d090b7be2e69d8a5fcf7b,.jpg
C:\Users\011868\Pictures\Jak1 - Copy (2).jpg,1fe33294a152a4e2cf8edaad0d9d845d6a7e48ca3f881c4ff625acb291e1d3dd,.jpg
C:\Users\011868\Pictures\Jak1 - Copy.jpg,1fe33294a152a4e2cf8edaad0d9d845d6a7e48ca3f881c4ff625acb291e1d3dd,.jpg
C:\Users\011868\Pictures\Jak1 - Copy123.jpg,1fe33294a152a4e2cf8edaad0d9d845d6a7e48ca3f881c4ff625acb291e1d3dd,.jpg
C:\Users\011868\Pictures\Jak1.jpg,1fe33294a152a4e2cf8edaad0d9d845d6a7e48ca3f881c4ff625acb291e1d3dd,.jpg
C:\Users\011868\Pictures\logFile.txt,40d70ddcf8a13554cf71f1dc4bab0a3f656f1bda2a70ab07a16ce8697fe700ff,.txt
C:\Users\011868\Pictures\logFile_svn.txt,3b1289fe21749867763c1835b13d75b8c02f385d1af6f2f9dd36a921fe4900ed,.txt
C:\Users\011868\Pictures\OTT-logo-desktop_en.png,86f98b3b731d974a0f7c90fe63f16e920f6e378e00bf6ca69cc53761e12bf81f,.png
C:\Users\011868\Pictures\questrade-logo.png,9e723203369d9f705da4685afb2a23b60e3465c2dc761f5fae8919cf4bcb4608,.png
C:\Users\011868\Pictures\Template.pbix,58c269aea857eb23b49877793fb2970e69bf780e3487db4e0cfdd1a01b9a4e4e,.pbix
C:\Users\011868\Pictures\Camera Roll\desktop.ini,231a08caba1f9ba9f14bd3e46834288f3c351079fcedda15e391b724ac0c7ea8,.ini
C:\Users\011868\Pictures\New folder\000.jpg,1fe33294a152a4e2cf8edaad0d9d845d6a7e48ca3f881c4ff625acb291e1d3dd,.jpg
C:\Users\011868\Pictures\Ottawa2019\20191013_111901.jpg,6dc41d4fa479b61c08b4e6895181553231a770ff51f186aa761dcdf8893467b8,.jpg
C:\Users\011868\Pictures\Ottawa2019\20191013_113404.jpg,99b61286fb1c83d81593ca11666ba1149201fbe23ea2f8692200e3b444852cad,.jpg
C:\Users\011868\Pictures\Ottawa2019\20191013_115423.jpg,e6eae8c5d67a4b736b643c57580b505c9fde79019672347e825bc390a761b8f9,.jpg
C:\Users\011868\Pictures\Ottawa2019\20191013_115555.jpg,b9716a512f714e5a8c427edf990625fa878f10ca1e88da610ae852922de9cfd6,.jpg
C:\Users\011868\Pictures\Ottawa2019\20191013_132147.jpg,3b16ba5829275724e73a04650a9d95a973ebb2ca8729a1b15b87b9d68a736106,.jpg
C:\Users\011868\Pictures\Ottawa2019\20191013_132152.jpg,f4c452442e2f31bd8107a2bc66ebec88ed11344306b4c953747fbc31f37948d6,.jpg
C:\Users\011868\Pictures\Ottawa2019\20191013_132221.jpg,1987d842897cb282eb2776fef99adbc1667620b11bb85c76545cbf2df3468159,.jpg
C:\Users\011868\Pictures\Ottawa2019\20191013_132233.jpg,4c4ed92fbf962b50aead2cfdb0d2935fc63365d6da557641c61a3f4c12b39769,.jpg
C:\Users\011868\Pictures\Ottawa2019\20191013_152423.jpg,240042326a5917b6f0425c3f2df61eeea80f57af44dc1e19c3a307eff0166d13,.jpg
C:\Users\011868\Pictures\Ottawa2019\20191013_152654.jpg,4e3b5f898c74e98af00f437c5dea5eb811d1095449214c89ee7ab008f1a21545,.jpg
C:\Users\011868\Pictures\Ottawa2019\20191013_154216.jpg,de5a9c28ada3831793f5a4ae31874aef58e0a9bf5fe060f40531637026e53ea2,.jpg
C:\Users\011868\Pictures\Ottawa2019\20191013_154217.jpg,4db28708e5f60a94eb7aebb508878233197dee9caf3c78ec0db1a43fe9b55be6,.jpg
C:\Users\011868\Pictures\Ottawa2019\20191013_154258.jpg,cb2e457584e01fefb389636bdc6cec93797d60febdc0d5bcb93c15df24900625,.jpg
C:\Users\011868\Pictures\Ottawa2019\20191013_181120.jpg,37fdad796ea647e728e474bd7f8722abbe5020e221c527814cdffc58c7ddfed9,.jpg
C:\Users\011868\Pictures\Ottawa2019\20191013_181311.jpg,36b876d88eb5a308e5a9e73a44e43b6c74d6b103510eb5aa2555dffb49805551,.jpg
C:\Users\011868\Pictures\Ottawa2019\DSC_0435.JPG,bcf835eacbeec17d5db7986d5935209bea7b2992be49874ac670019d47fee536,.jpg
C:\Users\011868\Pictures\Ottawa2019\DSC_0436.JPG,7f3f9a8df009d538491f7d5fd31684ec0609697a83c9e6035cc9727b6980d732,.jpg
C:\Users\011868\Pictures\Ottawa2019\DSC_0437.JPG,68c711f43f010ae428fc6e9641a510efddb7748e7b8353e7a02bea1d67079ec3,.jpg
C:\Users\011868\Pictures\Ottawa2019\DSC_0438.JPG,ee39dbeca16ce597cf367c0ecf06550711d447dc8a7bea5f6041ae0832fd0fcd,.jpg
C:\Users\011868\Pictures\Ottawa2019\DSC_0439.JPG,a6458dd8adfe251b1f5f92f0e219c7e84908a0a2bdbb765003f29d2f55bf8664,.jpg
C:\Users\011868\Pictures\Ottawa2019\DSC_0440.JPG,35d9b3d60299c3026915bed1ff9c10af458bd55cb54c57d467365e4038f1ddd5,.jpg
C:\Users\011868\Pictures\Ottawa2019\DSC_0441.JPG,589128654881627af226bd7ced4caed7aee1e9ceb9334eccdf1c28167124ad28,.jpg
C:\Users\011868\Pictures\Ottawa2019\DSC_0442.JPG,4b1d6a8ff3fac32499e4d33326a4777914994b1e1124d31c3df22997e9953d89,.jpg
C:\Users\011868\Pictures\Ottawa2019\DSC_0443.JPG,c514979bafbad8a2cc87023a4ac5d1cb59d70a750cc4c716ee2c8a936c813aa3,.jpg
C:\Users\011868\Pictures\Ottawa2019\DSC_0444.JPG,a14d4a43357ff7ca96bb6e40365997719a7a424fd3c27d9536e4927da600f6e2,.jpg
C:\Users\011868\Pictures\Ottawa2019\DSC_0445.JPG,3767bbf801edfd364f818b20a057aa84409c0c8d71d2c8220a6b36893e1f4525,.jpg
C:\Users\011868\Pictures\Ottawa2019\DSC_0446.JPG,686f3b54ce233c8b131714527e3cb37addfd0fbdf257edfb6c2bede43967963a,.jpg
C:\Users\011868\Pictures\Ottawa2019\DSC_0447.JPG,3d2d5f674ddfb36921e5602e74436f3004072c07b0bc6e36031f87f98882ea46,.jpg
C:\Users\011868\Pictures\Ottawa2019\DSC_0448.JPG,00941e9f64e68e511993137c37ec9eaf46d58ee6bd650e6b13a55c5255e6eb4c,.jpg
C:\Users\011868\Pictures\Ottawa2019\DSC_0449.JPG,5017c234cb9a25582ca4fd0a11e60134cdf8f7940b327f9ac0ff3732397a000b,.jpg
C:\Users\011868\Pictures\Ottawa2019\DSC_0450.JPG,3ab0fd92f99a002ee51aacb9956305d9ae4400f3c800571194cb7e0b5600cb58,.jpg
C:\Users\011868\Pictures\Ottawa2019\DSC_0451.JPG,56f749250b2ff28e8f1c8254579b86f2cdf95d40c64a0d5b901c08406a17aa83,.jpg
C:\Users\011868\Pictures\Ottawa2019\DSC_0452.JPG,4e3cd2fc919d5eddba8985cd61e2f2e643f486ba77d4681faa511eef821d6d37,.jpg
C:\Users\011868\Pictures\Ottawa2019\DSC_0453.JPG,b233d0617c0fa5e88cd2f3d64148e3a7869b288053bc733011c066f724838e34,.jpg
C:\Users\011868\Pictures\Ottawa2019\DSC_0454.JPG,2bdc3017ef1b610e956843ee727ec37363b7d8a93106eb5acbaaec2ad2630920,.jpg
C:\Users\011868\Pictures\Ottawa2019\DSC_0455.JPG,49afcc414d0b703ffd6ee2791fc42d669cf79859f5e21750168c66b23b39f34b,.jpg
C:\Users\011868\Pictures\Ottawa2019\DSC_0456.JPG,d5fb7d186bebeeb08c9fda6845ba12700c6452f98bfd91605b507103192bf103,.jpg
C:\Users\011868\Pictures\Ottawa2019\DSC_0457.JPG,10ea5fe83a7ee1aa634d424d1161728b1eb7a85a013440b3c47f60f7e9af72e0,.jpg
C:\Users\011868\Pictures\Ottawa2019\DSC_0458.JPG,e5690efdd1a965a7767244eebdaeaffb76eccebd76576c0f597d1912e93da96c,.jpg
C:\Users\011868\Pictures\Ottawa2019\DSC_0459.JPG,c82a6c8be641834bc4600ba6393254890ed51c411e7e66a4e8162905bd359069,.jpg
C:\Users\011868\Pictures\Ottawa2019\DSC_0460.JPG,cdb19401d80501376550785456c29366439b4550ad449a3c7214a2b7b113dd9c,.jpg
C:\Users\011868\Pictures\Ottawa2019\DSC_0461.JPG,501450c1685e4a21f7e312e17a11d6522d53f2592dddd4c9d4a227d4520ef0c1,.jpg
C:\Users\011868\Pictures\Ottawa2019\DSC_0462.JPG,c34ca12fa607b0add18b2996d6ea71e0e15b96a279f3c9d6b737fb3d121a69e4,.jpg
C:\Users\011868\Pictures\Ottawa2019\DSC_0463.JPG,5e486e3bead695e504b2e7893d68e7d2cc6b720d2bca578927c7cde268a8b099,.jpg
C:\Users\011868\Pictures\Ottawa2019\DSC_0464.JPG,545a86c5d1467a1239781e86ee16e74c0fc1586df30875dd972fda4d135f9416,.jpg
C:\Users\011868\Pictures\Ottawa2019\DSC_0465.JPG,50f262bb3d44ee116d972c21f8c790938a5e2461cef75acdef6be603011f4bba,.jpg
C:\Users\011868\Pictures\Ottawa2019\DSC_0466.JPG,dca47d0e7646becff9373be412197829fdf0bd2ec2b03735340709187e08384e,.jpg
C:\Users\011868\Pictures\Ottawa2019\DSC_0467.JPG,9627910a41a682c76725ed803fd564e713a8e316764178d8f0c03f6250181d39,.jpg
C:\Users\011868\Pictures\Ottawa2019\DSC_0468.JPG,e1cedd60c389004ac9557d130249efea83453feb57a340a796e599ef29527630,.jpg
C:\Users\011868\Pictures\Ottawa2019\DSC_0469.JPG,46882cbc18ad202d5c083193313f04f98bef40ddc75a515ea8248273d78f3a97,.jpg
C:\Users\011868\Pictures\Ottawa2019\DSC_0470.JPG,5621721935c11837365f5673721c531fceea488ba8422ca753d5b653752dadca,.jpg
C:\Users\011868\Pictures\Ottawa2019\DSC_0471.JPG,7197fcc56b57fc514d5a1ab9c0a2024832c9fdb7734524d6e20425de60b0aa73,.jpg
C:\Users\011868\Pictures\Ottawa2019\DSC_0472.JPG,9ff4fee37ddd7ff412f81dc07975e36af7e32c9573f14f719c5af5a1c93ad9b1,.jpg
C:\Users\011868\Pictures\Ottawa2019\DSC_0473.JPG,3b9ccd568652ac5c79674dac5e9575a09371bd193c6edf2833f973aa317b4a9b,.jpg
C:\Users\011868\Pictures\Ottawa2019\up\20191013_132221.jpg,1987d842897cb282eb2776fef99adbc1667620b11bb85c76545cbf2df3468159,.jpg
C:\Users\011868\Pictures\Ottawa2019\up\20191013_152423.jpg,240042326a5917b6f0425c3f2df61eeea80f57af44dc1e19c3a307eff0166d13,.jpg
C:\Users\011868\Pictures\Ottawa2019\up\20191013_152654.jpg,4e3b5f898c74e98af00f437c5dea5eb811d1095449214c89ee7ab008f1a21545,.jpg
C:\Users\011868\Pictures\Ottawa2019\up\20191013_154217.jpg,4db28708e5f60a94eb7aebb508878233197dee9caf3c78ec0db1a43fe9b55be6,.jpg
C:\Users\011868\Pictures\Ottawa2019\up\20191013_154258.jpg,cb2e457584e01fefb389636bdc6cec93797d60febdc0d5bcb93c15df24900625,.jpg
C:\Users\011868\Pictures\Ottawa2019\up\20191013_181120.jpg,37fdad796ea647e728e474bd7f8722abbe5020e221c527814cdffc58c7ddfed9,.jpg
C:\Users\011868\Pictures\Ottawa2019\up\20191013_181311.jpg,36b876d88eb5a308e5a9e73a44e43b6c74d6b103510eb5aa2555dffb49805551,.jpg
C:\Users\011868\Pictures\Ottawa2019\up\DSC_0461.JPG,501450c1685e4a21f7e312e17a11d6522d53f2592dddd4c9d4a227d4520ef0c1,.jpg
C:\Users\011868\Pictures\Ottawa2019\up\DSC_0463.JPG,5e486e3bead695e504b2e7893d68e7d2cc6b720d2bca578927c7cde268a8b099,.jpg
C:\Users\011868\Pictures\Ottawa2019\up\DSC_0466.JPG,dca47d0e7646becff9373be412197829fdf0bd2ec2b03735340709187e08384e,.jpg
C:\Users\011868\Pictures\Ottawa2019\up\DSC_0470.JPG,5621721935c11837365f5673721c531fceea488ba8422ca753d5b653752dadca,.jpg
C:\Users\011868\Pictures\Reports\log.txt,e3b0c44298fc1c149afbf4c8996fb92427ae41e4649b934ca495991b7852b855,.txt
C:\Users\011868\Pictures\Saved Pictures\desktop.ini,d01a7ef6233ef4ab3ea7210c0f2837931d334a20ae4d2a05ed03291e59e576c9,.ini
